{
    "COMPONENT_AUTHOR_LABEL": "Autor",
    "COMPONENT_BODY_LABEL": "Tělo",
    "COMPONENT_CONTAINER_LABEL": "Obal",
    "COMPONENT_CROSSHEAD_LABEL": "Záhlaví uprostřed textu",
    "COMPONENT_EMBED_LABEL": "Zahrnout",
    "COMPONENT_FOOTER_LABEL": "Zápatí",
    "COMPONENT_HEADLINE_LABEL": "Shrnutí",
    "COMPONENT_HERO_LABEL": "Hero",
    "COMPONENT_IMAGE_LABEL": "Obraz",
    "COMPONENT_INTERACTIVE_LABEL": "Interaktivní",
    "COMPONENT_INTRO_LABEL": "úvod",
    "COMPONENT_PRODUCT_LABEL": "Produkt",
    "COMPONENT_QUOTE_LABEL": "Citovat",
    "COMPONENT_SEPARATOR_LABEL": "Oddělovač",
    "COMPONENT_SLIDESHOW_LABEL": "Prezentace",
    "COMPONENT_SLIDESHOW_PROPERTIES_HEADER_LABEL": "Vlastnosti prezentace",
    "COMPONENT_SOCIAL_MEDIA_LABEL": "Sociální média",
    "COMPONENT_SUBTITLE_LABEL": "Podtitul",
    "COMPONENT_TITLE_LABEL": "Titul",
    "COMPONENT_VIDEO_LABEL": "Video",
    "GROUP_LAYOUT_LABEL": "Rozvržení",
    "GROUP_MEDIA_LABEL": "Média",
    "GROUP_TEXT_LABEL": "Text",
    "GROUP_TITLE_LABEL": "Titul",
    "PROPERTY_AUTO_NUMBER_PLACEHOLDER": "Napište „auto“ nebo jakékoliv číslo...",
    "PROPERTY_AUTO_PLAY_LABEL": "Automatické přehrávání",
    "PROPERTY_BACKGROUND_COLOR_LABEL": "Barva pozadí",
    "PROPERTY_CAPTION_BOTTOM_LEFT_OPTION": "Hlavička vlevo dole",
    "PROPERTY_CAPTION_BOTTOM_OPTION": "Dolní hlavička",
    "PROPERTY_CAPTION_BOTTOM_RIGHT_OPTION": "Hlavička vpravo nahoře",
    "PROPERTY_CAPTION_LABEL": "Popisek",
    "PROPERTY_CAPTION_NONE_OPTION": "Bez hlavičky",
    "PROPERTY_CAPTION_OUTSIDE_OPTION": "Vnější hlavička",
    "PROPERTY_CAPTION_TOP_LEFT_OPTION": "Hlavička vlevo nahoře",
    "PROPERTY_CAPTION_TOP_OPTION": "Hlavička nahoře",
    "PROPERTY_CAPTION_TOP_RIGHT_OPTION": "Hlavička vpravo nahoře",
    "PROPERTY_DISABLE_FULLSCREEN_LABEL": "Zakázat celou obrazovku (Adobe AEM)",
    "PROPERTY_DROP_CAP_LABEL": "Iniciála",
    "PROPERTY_EDIT_IMAGE_LABEL": "Upravit obrázek",
    "PROPERTY_EMBED_CODE_LABEL": "Kód pro vložení",
    "PROPERTY_EMBED_CODE_PLACEHOLDER": "Sem vložte kód pro vložení",
    "PROPERTY_FITTING_LABEL": "Přizpůsobení",
    "PROPERTY_FIXED_BACKGROUND_LABEL": "Pevné pozadí",
    "PROPERTY_HYPERLINK_LABEL": "Hypertextový odkaz",
    "PROPERTY_HYPERLINK_PLACEHOLDER": "http://",
    "PROPERTY_LETTER_SPACING_LABEL": "Proložení znaků",
    "PROPERTY_LINE_HEIGHT_LABEL": "Řádkování",
    "PROPERTY_MEDIA_PROPERTIES_LABEL": "Vlastnosti médií",
    "PROPERTY_PLAY_ORIENTATION_HORIZONTAL_OPTION": "Vodorovně",
    "PROPERTY_PLAY_ORIENTATION_LABEL": "Orientace",
    "PROPERTY_PLAY_ORIENTATION_VERTICAL_OPTION": "Svisle",
    "PROPERTY_POSITION_LABEL": "Poloha:",
    "PROPERTY_POSITION_LEFT_OPTION": "Vlevo",
    "PROPERTY_POSITION_MIDDLE_OPTION": "Uprostřed",
    "PROPERTY_POSITION_RIGHT_OPTION": "Vpravo",
    "PROPERTY_SHOW_FILMSTRIP_LABEL": "Zobrazit filmový pás",
    "PROPERTY_SLIDES_LABEL": "Snímky",
    "PROPERTY_STYLE_DEFAULT_OPTION": "Výchozí",
    "PROPERTY_TEXT_ALIGN_LABEL": "Zarovnání textu",
    "PROPERTY_VARIANT_LABEL": "Varianta stylu",
    "PROPERTY_VARIANT_STYLE_OPTION": "Možnost {{0}}",
    "TEMPLATE_AUTHOR_LINK_PLACEHOLDER": "@twitter",
    "TEMPLATE_AUTHOR_LOCATION_PLACEHOLDER": "Místo",
    "TEMPLATE_HEADLINE_SECTION_PLACEHOLDER": "Oddíl",
    "TEMPLATE_PRODUCT_DESCRIPTION_PLACEHOLDER": "Vytvořte krátký popis produktu.",
    "TEMPLATE_PRODUCT_LINK_PLACEHOLDER": "www.example.com",
    "TEMPLATE_PRODUCT_PRICE_PLACEHOLDER": "Cena produktu",
    "TEMPLATE_PRODUCT_TITLE_PLACEHOLDER": "Název produktu"
}
