{
    "COMPONENT_AUTHOR_LABEL": "Luoja",
    "COMPONENT_BODY_LABEL": "Sisältöosa",
    "COMPONENT_CONTAINER_LABEL": "Kenttä",
    "COMPONENT_CROSSHEAD_LABEL": "Väliotsikko",
    "COMPONENT_EMBED_LABEL": "Upota",
    "COMPONENT_FOOTER_LABEL": "Alatunniste",
    "COMPONENT_HEADLINE_LABEL": "Ingressi",
    "COMPONENT_HERO_LABEL": "Banneri",
    "COMPONENT_IMAGE_LABEL": "Kuva",
    "COMPONENT_INTERACTIVE_LABEL": "Interaktiivinen",
    "COMPONENT_INTRO_LABEL": "Esittely",
    "COMPONENT_PRODUCT_LABEL": "Tuote",
    "COMPONENT_QUOTE_LABEL": "Lainaus",
    "COMPONENT_SEPARATOR_LABEL": "Erotin",
    "COMPONENT_SLIDESHOW_LABEL": "Diaesitys",
    "COMPONENT_SLIDESHOW_PROPERTIES_HEADER_LABEL": "Diaesityksen asetukset",
    "COMPONENT_SOCIAL_MEDIA_LABEL": "Sosiaalinen media",
    "COMPONENT_SUBTITLE_LABEL": "Alaotsikko",
    "COMPONENT_TITLE_LABEL": "Otsikko",
    "COMPONENT_VIDEO_LABEL": "Video",
    "GROUP_LAYOUT_LABEL": "Asettelu",
    "GROUP_MEDIA_LABEL": "Media",
    "GROUP_TEXT_LABEL": "Teksti",
    "GROUP_TITLE_LABEL": "Otsikko",
    "PROPERTY_AUTO_NUMBER_PLACEHOLDER": "Kirjoita ”auto” tai jokin numero...",
    "PROPERTY_AUTO_PLAY_LABEL": "Toista automaattisesti",
    "PROPERTY_BACKGROUND_COLOR_LABEL": "Taustaväri",
    "PROPERTY_CAPTION_BOTTOM_LEFT_OPTION": "Kuvateksti alavasemmalla",
    "PROPERTY_CAPTION_BOTTOM_OPTION": "Kuvateksti alhaalla",
    "PROPERTY_CAPTION_BOTTOM_RIGHT_OPTION": "Kuvateksti alaoikealla",
    "PROPERTY_CAPTION_LABEL": "Kuvateksti",
    "PROPERTY_CAPTION_NONE_OPTION": "Ei kuvatekstiä",
    "PROPERTY_CAPTION_OUTSIDE_OPTION": "Kuvateksti ulkopuolella",
    "PROPERTY_CAPTION_TOP_LEFT_OPTION": "Kuvateksti ylävasemmalla",
    "PROPERTY_CAPTION_TOP_OPTION": "Kuvateksti ylhäällä",
    "PROPERTY_CAPTION_TOP_RIGHT_OPTION": "Kuvateksti yläoikealla",
    "PROPERTY_DISABLE_FULLSCREEN_LABEL": "Poista koko ruudun tila käytöstä (Adobe AEM)",
    "PROPERTY_DROP_CAP_LABEL": "Pudotuskuvateksti",
    "PROPERTY_EDIT_IMAGE_LABEL": "Muokkaa kuvaa",
    "PROPERTY_EMBED_CODE_LABEL": "Upota koodi",
    "PROPERTY_EMBED_CODE_PLACEHOLDER": "Liitä upotettava koodi tähän",
    "PROPERTY_FITTING_LABEL": "Sovitus",
    "PROPERTY_FIXED_BACKGROUND_LABEL": "Kiinteä tausta",
    "PROPERTY_HYPERLINK_LABEL": "Hyperlinkki",
    "PROPERTY_HYPERLINK_PLACEHOLDER": "http://",
    "PROPERTY_LETTER_SPACING_LABEL": "Merkkien välit",
    "PROPERTY_LINE_HEIGHT_LABEL": "Rivien välit",
    "PROPERTY_MEDIA_PROPERTIES_LABEL": "Median asetukset",
    "PROPERTY_PLAY_ORIENTATION_HORIZONTAL_OPTION": "Vaakasuuntainen",
    "PROPERTY_PLAY_ORIENTATION_LABEL": "Suunta",
    "PROPERTY_PLAY_ORIENTATION_VERTICAL_OPTION": "Pystysuuntainen",
    "PROPERTY_POSITION_LABEL": "Sijainti:",
    "PROPERTY_POSITION_LEFT_OPTION": "Vasen",
    "PROPERTY_POSITION_MIDDLE_OPTION": "Keskikohta",
    "PROPERTY_POSITION_RIGHT_OPTION": "Oikea",
    "PROPERTY_SHOW_FILMSTRIP_LABEL": "Näytä filmi",
    "PROPERTY_SLIDES_LABEL": "Diat",
    "PROPERTY_STYLE_DEFAULT_OPTION": "Oletus",
    "PROPERTY_TEXT_ALIGN_LABEL": "Tekstin kohdistus",
    "PROPERTY_VARIANT_LABEL": "Tyylivaihtoehto",
    "PROPERTY_VARIANT_STYLE_OPTION": "Asetus {{0}}",
    "TEMPLATE_AUTHOR_LINK_PLACEHOLDER": "@twitter",
    "TEMPLATE_AUTHOR_LOCATION_PLACEHOLDER": "Sijainti",
    "TEMPLATE_HEADLINE_SECTION_PLACEHOLDER": "Osio",
    "TEMPLATE_PRODUCT_DESCRIPTION_PLACEHOLDER": "Kirjoita lyhyt tuotekuvaus.",
    "TEMPLATE_PRODUCT_LINK_PLACEHOLDER": "www.example.com",
    "TEMPLATE_PRODUCT_PRICE_PLACEHOLDER": "Tuotteen hinta",
    "TEMPLATE_PRODUCT_TITLE_PLACEHOLDER": "Tuotenimi"
}
