{
    "COMPONENT_AUTHOR_LABEL": "Autore",
    "COMPONENT_BODY_LABEL": "Corpo",
    "COMPONENT_CONTAINER_LABEL": "Contenitore",
    "COMPONENT_CROSSHEAD_LABEL": "Intestazione su più colonne",
    "COMPONENT_EMBED_LABEL": "Incorpora",
    "COMPONENT_FOOTER_LABEL": "Piè di pagina",
    "COMPONENT_HEADLINE_LABEL": "Introduzione",
    "COMPONENT_HERO_LABEL": "Eroe",
    "COMPONENT_IMAGE_LABEL": "Immagine",
    "COMPONENT_INTERACTIVE_LABEL": "Interattivo",
    "COMPONENT_INTRO_LABEL": "Introduzione",
    "COMPONENT_PRODUCT_LABEL": "Prodotto",
    "COMPONENT_QUOTE_LABEL": "Virgolette",
    "COMPONENT_SEPARATOR_LABEL": "Separatore",
    "COMPONENT_SLIDESHOW_LABEL": "Presentazione",
    "COMPONENT_SLIDESHOW_PROPERTIES_HEADER_LABEL": "Proprietà presentazione",
    "COMPONENT_SOCIAL_MEDIA_LABEL": "Social media",
    "COMPONENT_SUBTITLE_LABEL": "Sottotitolo",
    "COMPONENT_TITLE_LABEL": "Title (titolo)",
    "COMPONENT_VIDEO_LABEL": "Video",
    "GROUP_LAYOUT_LABEL": "Layout",
    "GROUP_MEDIA_LABEL": "Supporti",
    "GROUP_TEXT_LABEL": "Testo",
    "GROUP_TITLE_LABEL": "Title (titolo)",
    "PROPERTY_AUTO_NUMBER_PLACEHOLDER": "Digitare ‘auto’ o un numero qualsiasi...",
    "PROPERTY_AUTO_PLAY_LABEL": "Riproduzione automatica",
    "PROPERTY_BACKGROUND_COLOR_LABEL": "Background color (colore sfondo)",
    "PROPERTY_CAPTION_BOTTOM_LEFT_OPTION": "Didascalia in basso a sinistra",
    "PROPERTY_CAPTION_BOTTOM_OPTION": "Didascalia in basso",
    "PROPERTY_CAPTION_BOTTOM_RIGHT_OPTION": "Didascalia in basso a destra",
    "PROPERTY_CAPTION_LABEL": "Didascalia",
    "PROPERTY_CAPTION_NONE_OPTION": "Nessuna didascalia",
    "PROPERTY_CAPTION_OUTSIDE_OPTION": "Didascalia esterna",
    "PROPERTY_CAPTION_TOP_LEFT_OPTION": "Didascalia in alto a sinistra",
    "PROPERTY_CAPTION_TOP_OPTION": "Didascalia in alto",
    "PROPERTY_CAPTION_TOP_RIGHT_OPTION": "Didascalia in alto a destra",
    "PROPERTY_DISABLE_FULLSCREEN_LABEL": "Disabilita schermo intero (Adobe AEM)",
    "PROPERTY_DROP_CAP_LABEL": "Rilascia didascalia",
    "PROPERTY_EDIT_IMAGE_LABEL": "Modifica immagine",
    "PROPERTY_EMBED_CODE_LABEL": "Codice di incorporamento",
    "PROPERTY_EMBED_CODE_PLACEHOLDER": "Incolla qui il codice di incorporamento",
    "PROPERTY_FITTING_LABEL": "Adattamento",
    "PROPERTY_FIXED_BACKGROUND_LABEL": "Sfondo fisso",
    "PROPERTY_HYPERLINK_LABEL": "Collegamento ipertestuale",
    "PROPERTY_HYPERLINK_PLACEHOLDER": "http://",
    "PROPERTY_LETTER_SPACING_LABEL": "Spaziatura caratteri",
    "PROPERTY_LINE_HEIGHT_LABEL": "Spaziatura righe",
    "PROPERTY_MEDIA_PROPERTIES_LABEL": "Proprietà multimediali",
    "PROPERTY_PLAY_ORIENTATION_HORIZONTAL_OPTION": "Orizzontale",
    "PROPERTY_PLAY_ORIENTATION_LABEL": "Orientamento",
    "PROPERTY_PLAY_ORIENTATION_VERTICAL_OPTION": "Verticale",
    "PROPERTY_POSITION_LABEL": "Posizione:",
    "PROPERTY_POSITION_LEFT_OPTION": "A sinistra",
    "PROPERTY_POSITION_MIDDLE_OPTION": "Middle (in centro)",
    "PROPERTY_POSITION_RIGHT_OPTION": "A destra",
    "PROPERTY_SHOW_FILMSTRIP_LABEL": "Mostra filmato",
    "PROPERTY_SLIDES_LABEL": "Slide",
    "PROPERTY_STYLE_DEFAULT_OPTION": "Valore predefinito",
    "PROPERTY_TEXT_ALIGN_LABEL": "Allineamento testo",
    "PROPERTY_VARIANT_LABEL": "Variante stile",
    "PROPERTY_VARIANT_STYLE_OPTION": "Opzione {{0}}",
    "TEMPLATE_AUTHOR_LINK_PLACEHOLDER": "@twitter",
    "TEMPLATE_AUTHOR_LOCATION_PLACEHOLDER": "Posizione",
    "TEMPLATE_HEADLINE_SECTION_PLACEHOLDER": "Sezione",
    "TEMPLATE_PRODUCT_DESCRIPTION_PLACEHOLDER": "Scrivi una breve descrizione del prodotto.",
    "TEMPLATE_PRODUCT_LINK_PLACEHOLDER": "www.example.com",
    "TEMPLATE_PRODUCT_PRICE_PLACEHOLDER": "Prezzo del prodotto",
    "TEMPLATE_PRODUCT_TITLE_PLACEHOLDER": "Nome del prodotto"
}
