{
    "COMPONENT_AUTHOR_LABEL": "著者",
    "COMPONENT_BODY_LABEL": "Body",
    "COMPONENT_CONTAINER_LABEL": "コンテナ",
    "COMPONENT_CROSSHEAD_LABEL": "クロスヘッド",
    "COMPONENT_EMBED_LABEL": "埋め込む",
    "COMPONENT_FOOTER_LABEL": "フッター",
    "COMPONENT_HEADLINE_LABEL": "要約",
    "COMPONENT_HERO_LABEL": "Hero",
    "COMPONENT_IMAGE_LABEL": "画像",
    "COMPONENT_INTERACTIVE_LABEL": "インタラクティブ",
    "COMPONENT_INTRO_LABEL": "Intro",
    "COMPONENT_PRODUCT_LABEL": "製品",
    "COMPONENT_QUOTE_LABEL": "クォート",
    "COMPONENT_SEPARATOR_LABEL": "セパレータ",
    "COMPONENT_SLIDESHOW_LABEL": "スライドショー",
    "COMPONENT_SLIDESHOW_PROPERTIES_HEADER_LABEL": "スライドショープロパティ",
    "COMPONENT_SOCIAL_MEDIA_LABEL": "ソーシャルメディア",
    "COMPONENT_SUBTITLE_LABEL": "サブタイトル",
    "COMPONENT_TITLE_LABEL": "見出し",
    "COMPONENT_VIDEO_LABEL": "動画",
    "GROUP_LAYOUT_LABEL": "レイアウト",
    "GROUP_MEDIA_LABEL": "メディア",
    "GROUP_TEXT_LABEL": "テキスト",
    "GROUP_TITLE_LABEL": "見出し",
    "PROPERTY_AUTO_NUMBER_PLACEHOLDER": "「auto」または任意の数字を入力してください",
    "PROPERTY_AUTO_PLAY_LABEL": "自動再生",
    "PROPERTY_BACKGROUND_COLOR_LABEL": "背景色",
    "PROPERTY_CAPTION_BOTTOM_LEFT_OPTION": "左下キャプション",
    "PROPERTY_CAPTION_BOTTOM_OPTION": "下端キャプション",
    "PROPERTY_CAPTION_BOTTOM_RIGHT_OPTION": "右下キャプション",
    "PROPERTY_CAPTION_LABEL": "キャプション",
    "PROPERTY_CAPTION_NONE_OPTION": "キャプションなし",
    "PROPERTY_CAPTION_OUTSIDE_OPTION": "欄外キャプション",
    "PROPERTY_CAPTION_TOP_LEFT_OPTION": "左上キャプション",
    "PROPERTY_CAPTION_TOP_OPTION": "上端キャプション",
    "PROPERTY_CAPTION_TOP_RIGHT_OPTION": "右上キャプション",
    "PROPERTY_DISABLE_FULLSCREEN_LABEL": "フルスクリーンを解除 (Adobe AEM)",
    "PROPERTY_DROP_CAP_LABEL": "ドロップキャップ",
    "PROPERTY_EDIT_IMAGE_LABEL": "画像編集",
    "PROPERTY_EMBED_CODE_LABEL": "埋め込みコード",
    "PROPERTY_EMBED_CODE_PLACEHOLDER": "埋め込みコードを貼り付ける",
    "PROPERTY_FITTING_LABEL": "フィッティング",
    "PROPERTY_FIXED_BACKGROUND_LABEL": "固定背景",
    "PROPERTY_HYPERLINK_LABEL": "ハイパーリンク",
    "PROPERTY_HYPERLINK_PLACEHOLDER": "http://",
    "PROPERTY_LETTER_SPACING_LABEL": "文字間隔",
    "PROPERTY_LINE_HEIGHT_LABEL": "行間隔",
    "PROPERTY_MEDIA_PROPERTIES_LABEL": "メディアプロパティ",
    "PROPERTY_PLAY_ORIENTATION_HORIZONTAL_OPTION": "横",
    "PROPERTY_PLAY_ORIENTATION_LABEL": "方向",
    "PROPERTY_PLAY_ORIENTATION_VERTICAL_OPTION": "縦",
    "PROPERTY_POSITION_LABEL": "位置：",
    "PROPERTY_POSITION_LEFT_OPTION": "左位置",
    "PROPERTY_POSITION_MIDDLE_OPTION": "中",
    "PROPERTY_POSITION_RIGHT_OPTION": "右",
    "PROPERTY_SHOW_FILMSTRIP_LABEL": "フィルムストリプを表示",
    "PROPERTY_SLIDES_LABEL": "スライド",
    "PROPERTY_STYLE_DEFAULT_OPTION": "デフォルト",
    "PROPERTY_TEXT_ALIGN_LABEL": "テキスト配置",
    "PROPERTY_VARIANT_LABEL": "Style variant",
    "PROPERTY_VARIANT_STYLE_OPTION": "オプション {{0}}",
    "TEMPLATE_AUTHOR_LINK_PLACEHOLDER": "@twitter",
    "TEMPLATE_AUTHOR_LOCATION_PLACEHOLDER": "ロケーション",
    "TEMPLATE_HEADLINE_SECTION_PLACEHOLDER": "セクション",
    "TEMPLATE_PRODUCT_DESCRIPTION_PLACEHOLDER": "製品の簡単な説明を記入してください",
    "TEMPLATE_PRODUCT_LINK_PLACEHOLDER": "www.example.com",
    "TEMPLATE_PRODUCT_PRICE_PLACEHOLDER": "製品価額",
    "TEMPLATE_PRODUCT_TITLE_PLACEHOLDER": "製品名"
}
