{
    "COMPONENT_AUTHOR_LABEL": "Auteur",
    "COMPONENT_BODY_LABEL": "Body",
    "COMPONENT_CONTAINER_LABEL": "Container",
    "COMPONENT_CROSSHEAD_LABEL": "Crosshead",
    "COMPONENT_EMBED_LABEL": "Inbedden",
    "COMPONENT_FOOTER_LABEL": "Voettekst",
    "COMPONENT_HEADLINE_LABEL": "Standfirst",
    "COMPONENT_HERO_LABEL": "Hero",
    "COMPONENT_IMAGE_LABEL": "Afbeelding",
    "COMPONENT_INTERACTIVE_LABEL": "Interactief",
    "COMPONENT_INTRO_LABEL": "Intro",
    "COMPONENT_PRODUCT_LABEL": "Product",
    "COMPONENT_QUOTE_LABEL": "Citaat",
    "COMPONENT_SEPARATOR_LABEL": "Scheidingsteken",
    "COMPONENT_SLIDESHOW_LABEL": "Diashow",
    "COMPONENT_SLIDESHOW_PROPERTIES_HEADER_LABEL": "Eigenschappen diashow",
    "COMPONENT_SOCIAL_MEDIA_LABEL": "Sociale media",
    "COMPONENT_SUBTITLE_LABEL": "Ondertitel",
    "COMPONENT_TITLE_LABEL": "Titel",
    "COMPONENT_VIDEO_LABEL": "Video",
    "GROUP_LAYOUT_LABEL": "Layout",
    "GROUP_MEDIA_LABEL": "Media",
    "GROUP_TEXT_LABEL": "Tekst",
    "GROUP_TITLE_LABEL": "Titel",
    "PROPERTY_AUTO_NUMBER_PLACEHOLDER": "Type 'auto' of elk nummer...",
    "PROPERTY_AUTO_PLAY_LABEL": "Automatisch afspelen",
    "PROPERTY_BACKGROUND_COLOR_LABEL": "Achtergrondkleur",
    "PROPERTY_CAPTION_BOTTOM_LEFT_OPTION": "Onderschrift links-onderaan",
    "PROPERTY_CAPTION_BOTTOM_OPTION": "Onderschrift onderaan",
    "PROPERTY_CAPTION_BOTTOM_RIGHT_OPTION": "Onderschrift rechts-onderaan",
    "PROPERTY_CAPTION_LABEL": "Onderschrift",
    "PROPERTY_CAPTION_NONE_OPTION": "Geen onderschrift",
    "PROPERTY_CAPTION_OUTSIDE_OPTION": "Buitenste onderschrift",
    "PROPERTY_CAPTION_TOP_LEFT_OPTION": "Onderschrift links-bovenaan",
    "PROPERTY_CAPTION_TOP_OPTION": "Onderschrift bovenaan",
    "PROPERTY_CAPTION_TOP_RIGHT_OPTION": "Onderschrift rechts-bovenaan",
    "PROPERTY_DISABLE_FULLSCREEN_LABEL": "Volledig scherm uitschakelen (Adobe AEM)",
    "PROPERTY_DROP_CAP_LABEL": "Drop cap",
    "PROPERTY_EDIT_IMAGE_LABEL": "Afbeelding bewerken",
    "PROPERTY_EMBED_CODE_LABEL": "Code insluiten",
    "PROPERTY_EMBED_CODE_PLACEHOLDER": "Plak hier de code om in te sluiten",
    "PROPERTY_FITTING_LABEL": "Passend maken",
    "PROPERTY_FIXED_BACKGROUND_LABEL": "Gefixeerde achtergrond",
    "PROPERTY_HYPERLINK_LABEL": "Hyperlink",
    "PROPERTY_HYPERLINK_PLACEHOLDER": "http://",
    "PROPERTY_LETTER_SPACING_LABEL": "Karakterspatiëring",
    "PROPERTY_LINE_HEIGHT_LABEL": "Regelafstand",
    "PROPERTY_MEDIA_PROPERTIES_LABEL": "Eigenschappen media",
    "PROPERTY_PLAY_ORIENTATION_HORIZONTAL_OPTION": "Horizontaal",
    "PROPERTY_PLAY_ORIENTATION_LABEL": "Oriëntatie",
    "PROPERTY_PLAY_ORIENTATION_VERTICAL_OPTION": "Verticaal",
    "PROPERTY_POSITION_LABEL": "Positie:",
    "PROPERTY_POSITION_LEFT_OPTION": "Links",
    "PROPERTY_POSITION_MIDDLE_OPTION": "Midden",
    "PROPERTY_POSITION_RIGHT_OPTION": "Rechts",
    "PROPERTY_SHOW_FILMSTRIP_LABEL": "Filmstrip tonen",
    "PROPERTY_SLIDES_LABEL": "Dia's",
    "PROPERTY_STYLE_DEFAULT_OPTION": "Standaard",
    "PROPERTY_TEXT_ALIGN_LABEL": "Tekstuitlijning",
    "PROPERTY_VARIANT_LABEL": "Stijlvariant",
    "PROPERTY_VARIANT_STYLE_OPTION": "Optie {{0}}",
    "TEMPLATE_AUTHOR_LINK_PLACEHOLDER": "@twitter",
    "TEMPLATE_AUTHOR_LOCATION_PLACEHOLDER": "Locatie",
    "TEMPLATE_HEADLINE_SECTION_PLACEHOLDER": "Sectie",
    "TEMPLATE_PRODUCT_DESCRIPTION_PLACEHOLDER": "Geef een korte omschrijving van het product",
    "TEMPLATE_PRODUCT_LINK_PLACEHOLDER": "www.example.com",
    "TEMPLATE_PRODUCT_PRICE_PLACEHOLDER": "Productprijs",
    "TEMPLATE_PRODUCT_TITLE_PLACEHOLDER": "Productnaam"
}
