{
    "COMPONENT_AUTHOR_LABEL": "Autor",
    "COMPONENT_BODY_LABEL": "Treść",
    "COMPONENT_CONTAINER_LABEL": "Kontener",
    "COMPONENT_CROSSHEAD_LABEL": "Śródtytuł",
    "COMPONENT_EMBED_LABEL": "Zagnieźdź",
    "COMPONENT_FOOTER_LABEL": "Stopka",
    "COMPONENT_HEADLINE_LABEL": "Główka",
    "COMPONENT_HERO_LABEL": "Postać",
    "COMPONENT_IMAGE_LABEL": "Obraz",
    "COMPONENT_INTERACTIVE_LABEL": "Interaktywny",
    "COMPONENT_INTRO_LABEL": "Wprowadzenie",
    "COMPONENT_PRODUCT_LABEL": "Produkt",
    "COMPONENT_QUOTE_LABEL": "Cytat",
    "COMPONENT_SEPARATOR_LABEL": "Separator",
    "COMPONENT_SLIDESHOW_LABEL": "Pokaz slajdów",
    "COMPONENT_SLIDESHOW_PROPERTIES_HEADER_LABEL": "Właściwości pokazu slajdów",
    "COMPONENT_SOCIAL_MEDIA_LABEL": "Media społecznościowe",
    "COMPONENT_SUBTITLE_LABEL": "Podtytuł",
    "COMPONENT_TITLE_LABEL": "Tytuł",
    "COMPONENT_VIDEO_LABEL": "Film",
    "GROUP_LAYOUT_LABEL": "Układ",
    "GROUP_MEDIA_LABEL": "Nośniki",
    "GROUP_TEXT_LABEL": "Tekst",
    "GROUP_TITLE_LABEL": "Tytuł",
    "PROPERTY_AUTO_NUMBER_PLACEHOLDER": "Wpisz „auto” lub dowolną liczbę...",
    "PROPERTY_AUTO_PLAY_LABEL": "Automatyczne odtwarzanie",
    "PROPERTY_BACKGROUND_COLOR_LABEL": "Kolor tła",
    "PROPERTY_CAPTION_BOTTOM_LEFT_OPTION": "Podpis na dole z lewej",
    "PROPERTY_CAPTION_BOTTOM_OPTION": "Podpis na dole",
    "PROPERTY_CAPTION_BOTTOM_RIGHT_OPTION": "Podpis na dole z prawej",
    "PROPERTY_CAPTION_LABEL": "Napis",
    "PROPERTY_CAPTION_NONE_OPTION": "Brak podpisu",
    "PROPERTY_CAPTION_OUTSIDE_OPTION": "Podpis zewnętrzny",
    "PROPERTY_CAPTION_TOP_LEFT_OPTION": "Podpis na górze z lewej",
    "PROPERTY_CAPTION_TOP_OPTION": "Podpis na górze",
    "PROPERTY_CAPTION_TOP_RIGHT_OPTION": "Podpis na górze z prawej",
    "PROPERTY_DISABLE_FULLSCREEN_LABEL": "Wyłącz pełny ekran (Adobe AEM)",
    "PROPERTY_DROP_CAP_LABEL": "Upuść podpis",
    "PROPERTY_EDIT_IMAGE_LABEL": "Edytuj obraz",
    "PROPERTY_EMBED_CODE_LABEL": "Zagnieźdź kod",
    "PROPERTY_EMBED_CODE_PLACEHOLDER": "Wklej tutaj zagnieżdżony kod",
    "PROPERTY_FITTING_LABEL": "Dopasowywanie",
    "PROPERTY_FIXED_BACKGROUND_LABEL": "Stałe tło",
    "PROPERTY_HYPERLINK_LABEL": "Hiperłącze",
    "PROPERTY_HYPERLINK_PLACEHOLDER": "http://",
    "PROPERTY_LETTER_SPACING_LABEL": "Odstęp między znakami",
    "PROPERTY_LINE_HEIGHT_LABEL": "Odstęp między liniami",
    "PROPERTY_MEDIA_PROPERTIES_LABEL": "Właściwości multimediów",
    "PROPERTY_PLAY_ORIENTATION_HORIZONTAL_OPTION": "Poziomo",
    "PROPERTY_PLAY_ORIENTATION_LABEL": "Ułożenie",
    "PROPERTY_PLAY_ORIENTATION_VERTICAL_OPTION": "Pionowo",
    "PROPERTY_POSITION_LABEL": "Umieść:",
    "PROPERTY_POSITION_LEFT_OPTION": "Na lewo",
    "PROPERTY_POSITION_MIDDLE_OPTION": "Do środka",
    "PROPERTY_POSITION_RIGHT_OPTION": "Na prawo",
    "PROPERTY_SHOW_FILMSTRIP_LABEL": "Pokaż pasek kliszy",
    "PROPERTY_SLIDES_LABEL": "Slajdy",
    "PROPERTY_STYLE_DEFAULT_OPTION": "Domyślnie",
    "PROPERTY_TEXT_ALIGN_LABEL": "Wyrównanie tekstu",
    "PROPERTY_VARIANT_LABEL": "Wariant stylu",
    "PROPERTY_VARIANT_STYLE_OPTION": "Opcja {{0}}",
    "TEMPLATE_AUTHOR_LINK_PLACEHOLDER": "@twitter",
    "TEMPLATE_AUTHOR_LOCATION_PLACEHOLDER": "Lokalizacja",
    "TEMPLATE_HEADLINE_SECTION_PLACEHOLDER": "Sekcja",
    "TEMPLATE_PRODUCT_DESCRIPTION_PLACEHOLDER": "Napisz krótki opis produktu.",
    "TEMPLATE_PRODUCT_LINK_PLACEHOLDER": "www.example.com",
    "TEMPLATE_PRODUCT_PRICE_PLACEHOLDER": "Cena produktu",
    "TEMPLATE_PRODUCT_TITLE_PLACEHOLDER": "Nazwa produktu"
}
