{
    "COMPONENT_AUTHOR_LABEL": "Autor",
    "COMPONENT_BODY_LABEL": "Corpo",
    "COMPONENT_CONTAINER_LABEL": "Container",
    "COMPONENT_CROSSHEAD_LABEL": "Crosshead",
    "COMPONENT_EMBED_LABEL": "Embutir",
    "COMPONENT_FOOTER_LABEL": "Rodapé",
    "COMPONENT_HEADLINE_LABEL": "Seção",
    "COMPONENT_HERO_LABEL": "Abertura",
    "COMPONENT_IMAGE_LABEL": "Imagem",
    "COMPONENT_INTERACTIVE_LABEL": "Interativo",
    "COMPONENT_INTRO_LABEL": "Introdução",
    "COMPONENT_PRODUCT_LABEL": "Produto",
    "COMPONENT_QUOTE_LABEL": "Citação",
    "COMPONENT_SEPARATOR_LABEL": "Separador",
    "COMPONENT_SLIDESHOW_LABEL": "Slideshow",
    "COMPONENT_SLIDESHOW_PROPERTIES_HEADER_LABEL": "Propriedades da apresentação de slides",
    "COMPONENT_SOCIAL_MEDIA_LABEL": "Rede Social",
    "COMPONENT_SUBTITLE_LABEL": "Subtítulo",
    "COMPONENT_TITLE_LABEL": "Título",
    "COMPONENT_VIDEO_LABEL": "Vídeo",
    "GROUP_LAYOUT_LABEL": "Layout",
    "GROUP_MEDIA_LABEL": "Mídia",
    "GROUP_TEXT_LABEL": "Texto",
    "GROUP_TITLE_LABEL": "Título",
    "PROPERTY_AUTO_NUMBER_PLACEHOLDER": "Digite 'auto' ou qualquer número...",
    "PROPERTY_AUTO_PLAY_LABEL": "Reprodução automática",
    "PROPERTY_BACKGROUND_COLOR_LABEL": "Cor de fundo",
    "PROPERTY_CAPTION_BOTTOM_LEFT_OPTION": "Legenda inferior esquerda",
    "PROPERTY_CAPTION_BOTTOM_OPTION": "Legenda inferior",
    "PROPERTY_CAPTION_BOTTOM_RIGHT_OPTION": "Legenda inferior direita",
    "PROPERTY_CAPTION_LABEL": "Legenda",
    "PROPERTY_CAPTION_NONE_OPTION": "Nenhuma legenda",
    "PROPERTY_CAPTION_OUTSIDE_OPTION": "Legenda externa",
    "PROPERTY_CAPTION_TOP_LEFT_OPTION": "Legenda superior-esquerda",
    "PROPERTY_CAPTION_TOP_OPTION": "Legenda superior",
    "PROPERTY_CAPTION_TOP_RIGHT_OPTION": "Legenda superior direita",
    "PROPERTY_DISABLE_FULLSCREEN_LABEL": "Desabilitar modo tela cheia (Adobe AEM)",
    "PROPERTY_DROP_CAP_LABEL": "Capitular",
    "PROPERTY_EDIT_IMAGE_LABEL": "Editar imagem",
    "PROPERTY_EMBED_CODE_LABEL": "Código embutido",
    "PROPERTY_EMBED_CODE_PLACEHOLDER": "Cole o código embutido aqui",
    "PROPERTY_FITTING_LABEL": "Enquadramento",
    "PROPERTY_FIXED_BACKGROUND_LABEL": "Plano de fundo fixo",
    "PROPERTY_HYPERLINK_LABEL": "Hiperlink",
    "PROPERTY_HYPERLINK_PLACEHOLDER": "http://",
    "PROPERTY_LETTER_SPACING_LABEL": "Espaçamento de caracteres",
    "PROPERTY_LINE_HEIGHT_LABEL": "Espaçamento entrelinhas",
    "PROPERTY_MEDIA_PROPERTIES_LABEL": "Propriedades de mídia",
    "PROPERTY_PLAY_ORIENTATION_HORIZONTAL_OPTION": "Horizontal",
    "PROPERTY_PLAY_ORIENTATION_LABEL": "Orientação",
    "PROPERTY_PLAY_ORIENTATION_VERTICAL_OPTION": "Vertical",
    "PROPERTY_POSITION_LABEL": "Posição:",
    "PROPERTY_POSITION_LEFT_OPTION": "Esquerda",
    "PROPERTY_POSITION_MIDDLE_OPTION": "Meio",
    "PROPERTY_POSITION_RIGHT_OPTION": "Direita",
    "PROPERTY_SHOW_FILMSTRIP_LABEL": "Mostrar tira de filme",
    "PROPERTY_SLIDES_LABEL": "Slides",
    "PROPERTY_STYLE_DEFAULT_OPTION": "Padrão",
    "PROPERTY_TEXT_ALIGN_LABEL": "Alinhamento de texto",
    "PROPERTY_VARIANT_LABEL": "Variante de Estilo",
    "PROPERTY_VARIANT_STYLE_OPTION": "{{0}}",
    "TEMPLATE_AUTHOR_LINK_PLACEHOLDER": "@twitter",
    "TEMPLATE_AUTHOR_LOCATION_PLACEHOLDER": "Local",
    "TEMPLATE_HEADLINE_SECTION_PLACEHOLDER": "Seção",
    "TEMPLATE_PRODUCT_DESCRIPTION_PLACEHOLDER": "Escreva uma breve descrição do produto.",
    "TEMPLATE_PRODUCT_LINK_PLACEHOLDER": "www.example.com",
    "TEMPLATE_PRODUCT_PRICE_PLACEHOLDER": "Preço do produto",
    "TEMPLATE_PRODUCT_TITLE_PLACEHOLDER": "Nome do produto"
}
